Lotería Mexicana,El gallo
Lotería Mexicana,El diablito
Lotería Mexicana,La dama
Lotería Mexicana,El catrín
Lotería Mexicana,El paraguas
Lotería Mexicana,La sirena
Lotería Mexicana,La escalera
Lotería Mexicana,La botella
Lotería Mexicana,El barril
Lotería Mexicana,El árbol
Lotería Mexicana,El melón
Lotería Mexicana,El valiente
Lotería Mexicana,El gorrito
Lotería Mexicana,La muerte
Lotería Mexicana,La pera
Lotería Mexicana,La bandera
Lotería Mexicana,El bandolón
Lotería Mexicana,El violoncello
Lotería Mexicana,La garza
Lotería Mexicana,El pájaro
Lotería Mexicana,La mano
Lotería Mexicana,La bota
Lotería Mexicana,La luna
Lotería Mexicana,El cotorro
Lotería Mexicana,El borracho
Lotería Mexicana,El negrito
Lotería Mexicana,El corazón
Lotería Mexicana,La sandía
Lotería Mexicana,El tambor
Lotería Mexicana,El camarón
Lotería Mexicana,Las jaras
Lotería Mexicana,El músico
Lotería Mexicana,La araña
Lotería Mexicana,El soldado
Lotería Mexicana,La estrella
Lotería Mexicana,El cazo
Lotería Mexicana,El mundo
Lotería Mexicana,El apache
Lotería Mexicana,El nopal
Lotería Mexicana,El alacrán
Lotería Mexicana,La rosa
Lotería Mexicana,La calavera
Lotería Mexicana,La campana
Lotería Mexicana,El cantarito
Lotería Mexicana,El venado
Lotería Mexicana,El sol
Lotería Mexicana,La corona
Lotería Mexicana,La chalupa
Lotería Mexicana,El pino
Lotería Mexicana,El pescado
Lotería Mexicana,La palma
Lotería Mexicana,La maceta
Lotería Mexicana,El arpa
Lotería Mexicana,La rana
Pokemon,Bulbasaur
Pokemon,Ivysaur
Pokemon,Venusaur
Pokemon,Charmander
Pokemon,Charmeleon
Pokemon,Charizard
Pokemon,Squirtle
Pokemon,Wartortle
Pokemon,Blastoise
Pokemon,Caterpie
Pokemon,Metapod
Pokemon,Butterfree
Pokemon,Weedle
Pokemon,Kakuna
Pokemon,Beedrill
Pokemon,Pidgey
Pokemon,Pidgeotto
Pokemon,Pidgeot
Pokemon,Rattata
Pokemon,Raticate
Pokemon,Spearow
Pokemon,Fearow
Pokemon,Ekans
Pokemon,Arbok
Pokemon,Pikachu
Pokemon,Raichu
Pokemon,Sandshrew
Pokemon,Sandlash
Pokemon,Nidorina
Pokemon,Nidoqueen
Pokemon,Nidorino
Pokemon,Nidoking
Pokemon,Clefairy
Pokemon,Clefable
Pokemon,Vulpix
Pokemon,Ninetales
Pokemon,Jigglypuff
Pokemon,Wigglytuff
Pokemon,Zubat
Pokemon,Golbat
Pokemon,Oddish
Pokemon,Gloom
Pokemon,Vileplume
Pokemon,Paras
Pokemon,Parasect
Pokemon,Venonat
Pokemon,Venomoth
Pokemon,Diglett
Pokemon,Dugtrio
Pokemon,Meowth
Pokemon,Persian
Pokemon,Psyduck
Pokemon,Golduck
Pokemon,Mankey
Pokemon,Primeape
Pokemon,Growlithe
Pokemon,Arcanine
Pokemon,Poliwag
Pokemon,Poliwhirl
Pokemon,Poliwrath
Pokemon,Abra
Pokemon,Kadabra
Pokemon,Alakazam
Pokemon,Machop
Pokemon,Machoke
Pokemon,Machamp
Pokemon,Bellsprout
Pokemon,Weepinbell
Pokemon,Victreebel
Pokemon,Tentacool
Pokemon,Tentacruel
Pokemon,Geodude
Pokemon,Graveler
Pokemon,Golem
Pokemon,Ponyta
Pokemon,Rapidash
Pokemon,Slowpoke
Pokemon,Slowbro
Pokemon,Magnemite
Pokemon,Magneton
Pokemon,Farfetch d
Pokemon,Doduo
Pokemon,Dobrio
Pokemon,Seel
Pokemon,Dewgong
Pokemon,Grimer
Pokemon,Muk
Pokemon,Shellder
Pokemon,Cloyster
Pokemon,Gastly
Pokemon,Haunter
Pokemon,Gengar
Pokemon,Onix
Pokemon,Drowzee
Pokemon,Hypno
Pokemon,Krabby
Pokemon,Kingler
Pokemon,Voltorb
Pokemon,Electrode
Pokemon,Exeggcute
Pokemon,Exeggutor
Pokemon,Cubone
Pokemon,Marowak
Pokemon,Hitmonlee
Pokemon,Hitmonchan
Pokemon,Lickitung
Pokemon,Koffing
Pokemon,Weezing
Pokemon,Rhyhorn
Pokemon,Rhydon
Pokemon,Chansey
Pokemon,Tangela
Pokemon,Kangaskhan
Pokemon,Horsea
Pokemon,Seadra
Pokemon,Goldeen
Pokemon,Seaking
Pokemon,Staryu
Pokemon,Starmie
Pokemon,Mr. mime
Pokemon,Scyther
Pokemon,Jynx
Pokemon,Electabuzz
Pokemon,Magmar
Pokemon,Pinsir
Pokemon,Tauros
Pokemon,Magikarp
Pokemon,Gyarados
Pokemon,Lapras
Pokemon,Ditto
Pokemon,Eevee
Pokemon,Vaporeon
Pokemon,Jolteon
Pokemon,Flareon
Pokemon,Porygon
Pokemon,Omanyte
Pokemon,Omastar
Pokemon,Kabuto
Pokemon,Kabutops
Pokemon,Aerodactyl
Pokemon,Snorlax
Pokemon,Articuno
Pokemon,Zapdos
Pokemon,Moltres
Pokemon,Dratini
Pokemon,Dragonair
Pokemon,Dragonite
Pokemon,Mewtwo
Pokemon,Mew
